{"dice_val_best": 0.5639592409133911, "global_step_best": 16960, "epoch_loss_values": [1.067839503288269, 1.0242422819137573, 0.9976266026496887, 0.9533931612968445, 0.7708225846290588, 0.7741734981536865, 0.7921093702316284, 0.8150339126586914, 0.6755144596099854, 0.8156557083129883, 0.5153807997703552, 0.8007217049598694, 0.4495295286178589, 0.3771158754825592, 0.739972710609436, 0.7799842953681946, 0.3250361382961273, 0.6071423292160034, 0.39288973808288574], "metric_values": [0.3331373333930969, 0.3331373333930969, 0.3757423460483551, 0.4542333483695984, 0.47912362217903137, 0.4892246127128601, 0.5440194010734558, 0.555207371711731, 0.5350008606910706, 0.5393914580345154, 0.5473580956459045, 0.5588862895965576, 0.5579417943954468, 0.5581692457199097, 0.5523438453674316, 0.5639592409133911, 0.5617459416389465, 0.5409831404685974, 0.5547829270362854]}